{
  "project_info": {
    "project_number": "1022892257924",
    "project_id": "news-app-1f7fa",
    "storage_bucket": "news-app-1f7fa.appspot.com"
  },
  "client": [
    {
      "client_info": {
        "mobilesdk_app_id": "1:1022892257924:android:2d34eea0e00345dd87c8d1",
        "android_client_info": {
          "package_name": "com.example.news_app_user"
        }
      },
      "oauth_client": [
        {
          "client_id": "1022892257924-mbksq30qdm1vvo732e9er5hhlr3jhgis.apps.googleusercontent.com",
          "client_type": 3
        }
      ],
      "api_key": [
        {
          "current_key": "AIzaSyALarb5LBwFTUJrqMoLvTHdudD8_aXPBWM"
        }
      ],
      "services": {
        "appinvite_service": {
          "other_platform_oauth_client": [
            {
              "client_id": "1022892257924-mbksq30qdm1vvo732e9er5hhlr3jhgis.apps.googleusercontent.com",
              "client_type": 3
            }
          ]
        }
      }
    }
  ],
  "configuration_version": "1"
}